NOMBRE_DEPTO;PROVINCIA;CODIGO_MUNICIPIO;NOMBRE_MPIO;Nombre
AMAZONAS;AMAZONAS;91263;EL ENCANTO;El Encanto
;;91405;LA CHORRERA;La Chorrera
;;91407;LA PEDRERA;La Pedrera
;;91430;LA VICTORIA;La Victoria
;;91001;LETICIA;Leticia
;;91460;MIRITI - PARANÁ;Miriti - Paraná
;;91530;PUERTO ALEGRIA;Puerto Alegria
;;91536;PUERTO ARICA;Puerto Arica
;;91540;PUERTO NARIÑO;Puerto Nariño
;;91669;PUERTO SANTANDER;Puerto Santander
;;91798;TARAPACÁ;Tarapacá
ANTIOQUIA;BAJO CAUCA;05120;CÁCERES;Cáceres
;;05154;CAUCASIA;Caucasia
;;05250;EL BAGRE;El Bagre
;;05495;NECHÍ;Nechí
;;05790;TARAZÁ;Tarazá
;;05895;ZARAGOZA;Zaragoza
;MAGDALENA MEDIO;05142;CARACOLÍ;Caracolí
;;05425;MACEO;Maceo
;;05579;PUERTO BERRiO;Puerto Berrio
;;05585;PUERTO NARE;Puerto Nare
;;05591;PUERTO TRIUNFO;Puerto Triunfo
;;05893;YONDÓ;Yondó
;NORDESTE;05031;AMALFI;Amalfi
;;05040;ANORÍ;Anorí
;;05190;CISNEROS;Cisneros
;;05604;REMEDIOS;Remedios
;;05670;SAN ROQUE;San Roque
;;05690;SANTO DOMINGO;Santo Domingo
;;05736;SEGOVIA;Segovia
;;05858;VEGACHÍ;Vegachí
;;05885;YALÍ;Yalí
;;05890;YOLOMBÓ;Yolombó
;NORTE;05038;ANGOSTURA;Angostura
;;05086;BELMIRA;Belmira
;;05107;BRICEÑO;Briceño
;;05134;CAMPAMENTO;Campamento
;;05150;CAROLINA;Carolina
;;05237;DON MATiAS;Don Matias
;;05264;ENTRERRIOS;Entrerrios
;;05310;GÓMEZ PLATA;Gómez Plata
;;05315;GUADALUPE;Guadalupe
;;05361;ITUANGO;Ituango
;;05647;SAN ANDRÉS;San Andrés
;;05658;SAN JOSÉ DE LA MONTAÑA;San José De La Montaña
;;05664;SAN PEDRO;San Pedro
;;05686;SANTA ROSA de osos;Santa Rosa De Osos
;;05819;TOLEDO;Toledo
;;05854;VALDIVIA;Valdivia
;;05887;YARUMAL;Yarumal
;OCCIDENTE;05004;ABRIAQUÍ;Abriaquí
;;05044;ANZA;Anza
;;05059;ARMENIA;Armenia
;;05113;BURITICÁ;Buriticá
;;05138;CAÑASGORDAS;Cañasgordas
;;05234;DABEIBA;Dabeiba
;;05240;EBÉJICO;Ebéjico
;;05284;FRONTINO;Frontino
;;05306;GIRALDO;Giraldo
;;05347;HELICONIA;Heliconia
;;05411;LIBORINA;Liborina
;;05501;OLAYA;Olaya
;;05543;PEQUE;Peque
;;05628;SABANALARGA;Sabanalarga
;;05656;SAN JERÓNIMO;San Jerónimo
;;05042;SANTAFÉ DE ANTIOQUIA;Santafé De Antioquia
;;05761;SOPETRaN;Sopetran
;;05842;URAMITA;Uramita
;ORIENTE;05002;ABEJORRAL;Abejorral
;;05021;ALEJANDRÍA;Alejandría
;;05055;ARGELIA;Argelia
;;05148;CARMEN DE VIBORAL;Carmen De Viboral
;;05197;COCORNÁ;Cocorná
;;05206;CONCEPCIÓN;Concepción
;;05313;GRANADA;Granada
;;05318;GUARNE;Guarne
;;05321;GUATAPE;Guatape
;;05376;LA CEJA;La Ceja
;;05400;LA UNIÓN;La Unión
;;05440;MARINILLA;Marinilla
;;05483;NARIÑO;Nariño
;;05541;PEÑOL;Peñol
;;05607;RETIRO;Retiro
;;05615;RIONEGRO;Rionegro
;;05649;SAN CARLOS;San Carlos
;;05652;SAN FRANCISCO;San Francisco
;;05660;SAN LUIS;San Luis
;;05667;SAN RAFAEL;San Rafael
;;05674;SAN VICENTE;San Vicente
;;05697;SANTUARIO;Santuario
;;05756;SONSON;Sonson
;SUROESTE;05030;AMAGa;Amaga
;;05034;ANDES;Andes
;;05036;ANGELOPOLIS;Angelopolis
;;05091;BETANIA;Betania
;;05093;BETULIA;Betulia
;;05125;CAICEDO;Caicedo
;;05145;CARAMANTA;Caramanta
;;05101;CIUDAD BOLÍVAR;Ciudad Bolívar
;;05209;CONCORDIA;Concordia
;;05282;FREDONIA;Fredonia
;;05353;HISPANIA;Hispania
;;05364;JARDÍN;Jardín
;;05368;JERICÓ;Jericó
;;05390;LA PINTADA;La Pintada
;;05467;MONTEBELLO;Montebello
;;05576;PUEBLORRICO;Pueblorrico
;;05642;SALGAR;Salgar
;;05679;SANTA BaRBARA;Santa Barbara
;;05789;TÁMESIS;Támesis
;;05792;TARSO;Tarso
;;05809;TITIRIBÍ;Titiribí
;;05847;URRAO;Urrao
;;05856;VALPARAISO;Valparaiso
;;05861;VENECIA;Venecia
;URABA;05045;APARTADÓ;Apartadó
;;05051;ARBOLETES;Arboletes
;;05147;CAREPA;Carepa
;;05172;CHIGORODÓ;Chigorodó
;;05475;MURINDÓ;Murindó
;;05480;MUTATA;Mutata
;;05490;NECOCLÍ;Necoclí
;;05659;SAN JUAN DE URABA;San Juan De Uraba
;;05665;SAN PEDRO DE URABA;San Pedro De Uraba
;;05837;TURBO;Turbo
;;05873;VIGÍA DEL FUERTE;Vigía Del Fuerte
;VALLE DEL ABURRA;05079;BARBOSA;Barbosa
;;05088;BELLO;Bello
;;05129;CALDAS;Caldas
;;05212;COPACABANA;Copacabana
;;05266;ENVIGADO;Envigado
;;05308;GIRARDOTA;Girardota
;;05360;ITAGUI;Itagui
;;05380;LA ESTRELLA;La Estrella
;;05001;MEDELLÍN;Medellín
;;05631;SABANETA;Sabaneta
ARAUCA;ARAUCA;81001;ARAUCA;Arauca
;;81065;ARAUQUITA;Arauquita
;;81220;CRAVO NORTE;Cravo Norte
;;81300;FORTUL;Fortul
;;81591;PUERTO RONDÓN;Puerto Rondón
;;81736;SARAVENA;Saravena
;;81794;TAME;Tame
ARCHIPIELAGO DE SAN ANDRES;ARCHIPIELAGO DE SAN ANDRES;88564;PROVIDENCIA Y SANTA CATALINA;Providencia Y Santa Catalina
ARCHIPIELAGO DE SAN ANDRES;;88001;SAN ANDReS;San Andres
ATLÁNTICO;NORTE;08001;BARRANQUILLA;Barranquilla
;;08296;GALAPA;Galapa
;;08433;MALAMBO;Malambo
;;08573;PUERTO COLOMBIA;Puerto Colombia
;;08758;SOLEDAD;Soledad
;SUR;08137;CAMPO DE LA CRUZ;Campo De La Cruz
;;08141;CANDELARIA;Candelaria
;;08421;LURUACO;Luruaco
;;08436;MANATi;Manati
;;08606;REPELON;Repelon
;;08675;SANTA LUCiA;Santa Lucia
;;08770;SUAN;Suan
;CENTRO ORIENTE;08078;BARANOA;Baranoa
;;08520;PALMAR DE VARELA;Palmar De Varela
;;08558;POLONUEVO;Polonuevo
;;08560;PONEDERA;Ponedera
;;08634;Sabanagrande;Sabanagrande
;;08638;SABANALARGA;Sabanalarga
;;08685;Santo Tomas;Santo Tomas
;OCCIDENTAL;08372;JUAN DE ACOSTA;Juan De Acosta
;;08549;PIOJÓ;Piojó
;;08832;TUBARA;Tubara
;;08849;USIACURi;Usiacuri
BOGOTÁ D.C.;BOGOTA;11001;BOGOTA D.C.;Bogota D.C.
BOLIVAR;DEPRESION MOMPOSINA;13188;CICUCO;Cicuco
;;13300;HATILLO DE LOBA;Hatillo De Loba
;;13440;MARGARITA;Margarita
;;13468;MOMPÓS;Mompós
;;13650;SAN FERNANDO;San Fernando
;;13780;TALAIGUA NUEVO;Talaigua Nuevo
;DIQUE BOLIVARENSE;13052;ARJONA;Arjona
;;13062;ARROYOHONDO;Arroyohondo
;;13140;CALAMAR;Calamar
;;13001;CARTAGENA;Cartagena
;;13222;CLEMENCIA;Clemencia
;;13433;MAHATES;Mahates
;;13620;SAN CRISTOBAL;San Cristobal
;;13647;SAN ESTANISLAO;San Estanislao
;;13673;SANTA CATALINA;Santa Catalina
;;13683;SANTA ROSA DE LIMA;Santa Rosa De Lima
;;13760;SOPLAVIENTO;Soplaviento
;;13836;TURBACO;Turbaco
;;13838;TURBANA;Turbana
;;13873;VILLANUEVA;Villanueva
;LOBA;13030;ALTOS DEL ROSARIO;Altos Del Rosario
;;13074;BARRANCO DE LOBA;Barranco De Loba
;;13268;EL PEÑON;El Peñon
;;13580;REGIDOR;Regidor
;;13600;RÍO VIEJO;Río Viejo
;;13667;SAN MARTIN DE LOBA;San Martin De Loba
;MAGDALENA MEDIO BOLIVARENSE;13042;ARENAL;Arenal
;;13160;CANTAGALLO;Cantagallo
;;13473;MORALES;Morales
;;13670;SAN PABLO;San Pablo
;;13688;SANTA ROSA DEL SUR;Santa Rosa Del Sur
;;13744;SIMITÍ;Simití
;MOJANA BOLIVARENSE;13006;ACHÍ;Achí
;;13430;MAGANGUÉ;Magangué
;;13458;MONTECRISTO;Montecristo
;;13549;PINILLOS;Pinillos
;;13655;SAN JACINTO DEL CAUCA;San Jacinto Del Cauca
;;13810;TIQUISIO;Tiquisio
;MONTES DE MARIA;13244;CARMEN DE BOLÍVAR;Carmen De Bolívar
;;13212;CÓRDOBA;Córdoba
;;13248;EL GUAMO;El Guamo
;;13442;MARÍA LA BAJA;María La Baja
;;13654;SAN JACINTO;San Jacinto
;;13657;SAN JUAN NEPOMUCENO;San Juan Nepomuceno
;;13894;ZAMBRANO;Zambrano
BOYACÁ;CENTRO;15232;CHÍQUIZA;Chíquiza
;;15187;CHIVATÁ;Chivatá
;;15204;CÓMBITA;Cómbita
;;15224;CUCAITA;Cucaita
;;15476;MOTAVITA;Motavita
;;15500;OICATÁ;Oicatá
;;15646;SAMACÁ;Samacá
;;15740;SIACHOQUE;Siachoque
;;15762;SORA;Sora
;;15764;SORACÁ;Soracá
;;15763;SOTAQUIRÁ;Sotaquirá
;;15814;TOCA;Toca
;;15001;TUNJA;Tunja
;;15837;TUTA;Tuta
;;15861;VENTAQUEMADA;Ventaquemada
;GUTIERREZ;15180;CHISCAS;Chiscas
;;15223;CUBARÁ;Cubará
;;15244;EL COCUY;El Cocuy
;;15248;EL ESPINO;El Espino
;;15317;GUACAMAYAS;Guacamayas
;;15332;GÜICÁN;Güicán
;;15522;PANQUEBA;Panqueba
;LA LIBERTAD;15377;LABRANZAGRANDE;Labranzagrande
;;15518;PAJARITO;Pajarito
;;15533;PAYA;Paya
;;15550;PISBA;Pisba
;LENGUPA;15090;BERBEO;Berbeo
;;15135;CAMPOHERMOSO;Campohermoso
;;15455;MIRAFLORES;Miraflores
;;15514;PÁEZ;Páez
;;15660;SAN EDUARDO;San Eduardo
;;15897;ZETAQUIRA;Zetaquira
;MARQUEZ;15104;BOYACÁ;Boyacá
;;15189;CIÉNEGA;Ciénega
;;15367;JENESANO;Jenesano
;;15494;NUEVO COLÓN;Nuevo Colón
;;15599;RAMIRIQUÍ;Ramiriquí
;;15621;RONDÓN;Rondón
;;15804;TIBANÁ;Tibaná
;;15835;TURMEQUÉ;Turmequé
;;15842;UMBITA;Umbita
;;15879;VIRACACHÁ;Viracachá
;NEIRA;15172;CHINAVITA;Chinavita
;;15299;GARAGOA;Garagoa
;;15425;MACANAL;Macanal
;;15511;PACHAVITA;Pachavita
;;15667;SAN LUIS DE GACENO;San Luis De Gaceno
;;15690;SANTA MARÍA;Santa María
;NORTE;15097;BOAVITA;Boavita
;;15218;COVARACHÍA;Covarachía
;;15403;LA UVITA;La Uvita
;;15673;SAN MATEO;San Mateo
;;15720;SATIVANORTE;Sativanorte
;;15723;SATIVASUR;Sativasur
;;15753;SOATÁ;Soatá
;;15774;SUSACÓN;Susacón
;;15810;TIPACOQUE;Tipacoque
;OCCIDENTE;15106;BRICEÑO;Briceño
;;15109;BUENAVISTA;Buenavista
;;15131;CALDAS;Caldas
;;15176;CHIQUINQUIRÁ;Chiquinquirá
;;15212;COPER;Coper
;;15401;LA VICTORIA;La Victoria
;;15442;MARIPÍ;Maripí
;;15480;MUZO;Muzo
;;15507;OTANCHE;Otanche
;;15531;PAUNA;Pauna
;;15572;PUERTO BOYACa;Puerto Boyaca
;;15580;QUÍPAMA;Quípama
;;15632;SABOYÁ;Saboyá
;;15676;SAN MIGUEL DE SEMA;San Miguel De Sema
;;15681;SAN PABLO BORBUR;San Pablo Borbur
;;15832;TUNUNGUÁ;Tununguá
;ORIENTE;15022;ALMEIDA;Almeida
;;15236;CHIVOR;Chivor
;;15322;GUATEQUE;Guateque
;;15325;GUAYATÁ;Guayatá
;;15380;LA CAPILLA;La Capilla
;;15761;SOMONDOCO;Somondoco
;;15778;SUTATENZA;Sutatenza
;;15798;TENZA;Tenza
;RICAURTE;15051;ARCABUCO;Arcabuco
;;15185;CHITARAQUE;Chitaraque
;;15293;GACHANTIVÁ;Gachantivá
;;15469;MONIQUIRÁ;Moniquirá
;;15600;RÁQUIRA;Ráquira
;;15638;SÁCHICA;Sáchica
;;15664;SAN JOSÉ DE PARE;San José De Pare
;;15696;SANTA SOFÍA;Santa Sofía
;;15686;SANTANA;Santana
;;15776;SUTAMARCHÁN;Sutamarchán
;;15808;TINJACÁ;Tinjacá
;;15816;TOGÜÍ;Togüí
;;15407;VILLA DE LEYVA;Villa De Leyva
;SUGAMUXI;15047;AQUITANIA;Aquitania
;;15226;CUÍTIVA;Cuítiva
;;15272;FIRAVITOBA;Firavitoba
;;15296;GAMEZA;Gameza
;;15362;IZA;Iza
;;15464;MONGUA;Mongua
;;15466;MONGUÍ;Monguí
;;15491;NOBSA;Nobsa
;;15542;PESCA;Pesca
;;15759;SOGAMOSO;Sogamoso
;;15806;TIBASOSA;Tibasosa
;;15820;TÓPAGA;Tópaga
;;15822;TOTA;Tota
;TUNDAMA;15087;BELÉN;Belén
;;15114;BUSBANZÁ;Busbanzá
;;15162;CERINZA;Cerinza
;;15215;CORRALES;Corrales
;;15238;DUITAMA;Duitama
;;15276;FLORESTA;Floresta
;;15516;PAIPA;Paipa
;;15693;SAN ROSA VITERBO;San Rosa Viterbo
;;15839;TUTAZÁ;Tutazá
;VALDERRAMA;15092;BETÉITIVA;Betéitiva
;;15183;CHITA;Chita
;;15368;JERICÓ;Jericó
;;15537;PAZ DE RÍO;Paz De Río
;;15757;SOCHA;Socha
;;15755;SOCOTÁ;Socotá
;;15790;TASCO;Tasco
CALDAS;ALTO OCCIDENTE;17272;FILADELFIA;Filadelfia
;;17388;LA MERCED;La Merced
;;17442;MARMATO;Marmato
;;17614;RIOSUCIO;Riosucio
;;17777;SUPÍA;Supía
;ALTO ORIENTE;17433;MANZANARES;Manzanares
;;17444;MARQUETALIA;Marquetalia
;;17446;MARULANDA;Marulanda
;;17541;PENSILVANIA;Pensilvania
;BAJO OCCIDENTE;17042;ANSERMA;Anserma
;;17088;BELALCÁZAR;Belalcázar
;;17616;RISARALDA;Risaralda
;;17665;SAN JOSÉ;San José
;;17877;VITERBO;Viterbo
;CENTRO;17174;CHINCHINa;Chinchina
;;17001;MANIZALES;Manizales
;;17486;NEIRA;Neira
;;17524;PALESTINA;Palestina
;;17873;VILLAMARiA;Villamaria
;NORTE;17013;AGUADAS;Aguadas
;;17050;ARANZAZU;Aranzazu
;;17513;PÁCORA;Pácora
;;17653;SALAMINA;Salamina
;ORIENTE;17380;LA DORADA;La Dorada
;;17495;NORCASIA;Norcasia
;;17662;SAMANÁ;Samaná
;;17867;VICTORIA;Victoria
CAQUETA;CAQUETA;18029;ALBANIA;Albania
;;18094;BELÉN DE LOS ANDAQUIES;Belén De Los Andaquies
;;18150;CARTAGENA DEL CHAIRÁ;Cartagena Del Chairá
;;18205;CURRILLO;Currillo
;;18247;EL DONCELLO;El Doncello
;;18256;EL PAUJIL;El Paujil
;;18001;FLORENCIA;Florencia
;;18410;LA MONTAÑITA;La Montañita
;;18460;MILaN;Milan
;;18479;MORELIA;Morelia
;;18592;PUERTO RICO;Puerto Rico
;;18610;SAN JOSE DEL FRAGUA;San Jose Del Fragua
;;18753;SAN VICENTE DEL CAGUÁN;San Vicente Del Caguán
;;18756;SOLANO;Solano
;;18785;SOLITA;Solita
;;18860;VALPARAISO;Valparaiso
CASANARE;CASANARE;85010;AGUAZUL;Aguazul
;;85015;CHAMEZA;Chameza
;;85125;HATO COROZAL;Hato Corozal
;;85136;LA SALINA;La Salina
;;85139;MANÍ;Maní
;;85162;MONTERREY;Monterrey
;;85225;NUNCHÍA;Nunchía
;;85230;OROCUÉ;Orocué
;;85250;PAZ DE ARIPORO;Paz De Ariporo
;;85263;PORE;Pore
;;85279;RECETOR;Recetor
;;85300;SABANALARGA;Sabanalarga
;;85315;SÁCAMA;Sácama
;;85325;SAN LUIS DE PALENQUE;San Luis De Palenque
;;85400;TÁMARA;Támara
;;85410;TAURAMENA;Tauramena
;;85430;TRINIDAD;Trinidad
;;85440;VILLANUEVA;Villanueva
;;85001;YOPAL;Yopal
CAUCA;CENTRO;19130;CAJIBÍO;Cajibío
;;19256;EL TAMBO;El Tambo
;;19392;LA SIERRA;La Sierra
;;19473;MORALES;Morales
;;19548;PIENDAMO;Piendamo
;;19001;POPAYÁN;Popayán
;;19622;ROSAS;Rosas
;;19760;SOTARA;Sotara
;;19807;TIMBIO;Timbio
;NORTE;19110;BUENOS AIRES;Buenos Aires
;;19142;CALOTO;Caloto
;;19212;CORINTO;Corinto
;;19455;MIRANDA;Miranda
;;19513;PADILLA;Padilla
;;19573;PUERTO TEJADA;Puerto Tejada
;;19698;SANTANDER DE QUILICHAO;Santander De Quilichao
;;19780;SUAREZ;Suarez
;;19845;VILLA RICA;Villa Rica
;OCCIDENTE;19318;GUAPI;Guapi
;;19418;LOPEZ;Lopez
;;19809;TIMBIQUI;Timbiqui
;ORIENTE;19137;CALDONO;Caldono
;;19355;INZÁ;Inzá
;;19364;JAMBALO;Jambalo
;;19517;PAEZ;Paez
;;19585;PURACE;Purace
;;19743;Silvia;Silvia
;;19821;TORIBIO;Toribio
;;19824;TOTORO;Totoro
;SUR ;19022;ALMAGUER;Almaguer
;;19050;ARGELIA;Argelia
;;19075;BALBOA;Balboa
;;19100;BOLÍVAR;Bolívar
;;19290;FLORENCIA;Florencia
;;19397;LA VEGA;La Vega
;;19450;MERCADERES;Mercaderes
;;19532;PATIA;Patia
;;19533;PIAMONTE;Piamonte
;;19693;SAN SEBASTIAN;San Sebastian
;;19701;SANTA ROSA;Santa Rosa
;;19785;SUCRE;Sucre
CESAR;CENTRAL;20045;BECERRIL;Becerril
;;20175;CHIMICHAGUA;Chimichagua
;;20178;CHIRIGUANA;Chiriguana
;;20228;CURUMANÍ;Curumaní
;;20400;LA JAGUA DE IBIRICO;La Jagua De Ibirico
;;20517;PAILITAS;Pailitas
;;20787;TAMALAMEQUE;Tamalameque
;NOROCCIDENTAL;20032;ASTREA;Astrea
;;20060;BOSCONIA;Bosconia
;;20238;EL COPEY;El Copey
;;20250;EL PASO;El Paso
;NORTE;20013;AGUSTÍN CODAZZI;Agustín Codazzi
;;20621;LA PAZ;La Paz
;;20443;MANAURE;Manaure
;;20570;PUEBLO BELLO;Pueblo Bello
;;20750;SAN DIEGO;San Diego
;;20001;VALLEDUPAR;Valledupar
;SUR ;20011;AGUACHICA;Aguachica
;;20295;GAMARRA;Gamarra
;;20310;GONZÁLEZ;González
;;20383;LA GLORIA;La Gloria
;;20550;PELAYA;Pelaya
;;20614;RÍO DE ORO;Río De Oro
;;20710;SAN ALBERTO;San Alberto
;;20770;SAN MARTÍN;San Martín
CHOCO;ATRATO;27050;ATRATO;Atrato
;;27073;BAGADÓ;Bagadó
;;27099;BOJAYA;Bojaya
;;27245;EL CARMEN DE ATRATO;El Carmen De Atrato
;;27413;LLORÓ;Lloró
;;27425;MEDIO ATRATO;Medio Atrato
;;27001;QUIBDÓ;Quibdó
;;27600;RIO QUITO;Rio Quito
CHOCO;DARIEN;27006;ACANDÍ;Acandí
;;27086;BELÉN DE BAJIRA;Belén De Bajira
;;27150;CARMÉN DEL DARIÉN;Carmén Del Darién
;;27615;RIOSUCIO;Riosucio
;;27800;UNGUÍA;Unguía
CHOCO;PACIFICO NORTE;27075;BAHÍA SOLANO;Bahía Solano
;;27372;JURADÓ;Juradó
;;27495;NUQUÍ;Nuquí
CHOCO;PACIFICO SUR;27025;ALTO BAUDÓ;Alto Baudó
;;27077;BAJO BAUDÓ;Bajo Baudó
;;27250;El Litoral del San Juan;El Litoral Del San Juan
;;27430;MEDIO BAUDÓ;Medio Baudó
CHOCO;SAN JUAN;27135;CANTON DE SAN PABLO;Canton De San Pablo
;;27160;CERTEGUI;Certegui
;;27205;CONDOTO;Condoto
;;27361;ITSMINA;Itsmina
;;27450;MEDIO SAN JUAN;Medio San Juan
;;27491;NÓVITA;Nóvita
;;27580;RÍO FRÍO;Río Frío
;;27660;SAN JOSÉ DEL PALMAR;San José Del Palmar
;;27745;SIPÍ;Sipí
;;27787;TADÓ;Tadó
;;27810;UNION PANAMERICANA;Union Panamericana
CORDOBA;ALTO SINU;23807;TIERRALTA;Tierralta
;;23855;VALENCIA;Valencia
;BAJO SINU;23168;CHIMÁ;Chimá
;;23300;COTORRA;Cotorra
;;23417;LORICA;Lorica
;;23464;MOMIL;Momil
;;23586;PURÍSIMA;Purísima
;CENTRO;23001;MONTERÍA;Montería
;COSTANERA;23090;CANALETE;Canalete
;;23419;LOS CÓRDOBAS;Los Córdobas
;;23500;MOÑITOS;Moñitos
;;23574;PUERTO ESCONDIDO;Puerto Escondido
;;23672;SAN ANTERO;San Antero
;;23675;SAN BERNARDO DEL VIENTO;San Bernardo Del Viento
;SABANAS;23182;CHINÚ;Chinú
;;23660;SAHAGÚN;Sahagún
;;23670;SAN ANDRÉS SOTAVENTO;San Andrés Sotavento
;SAN JORGE;23068;AYAPEL;Ayapel
;;23079;BUENAVISTA;Buenavista
;;23350;LA APARTADA;La Apartada
;;23466;MONTELÍBANO;Montelíbano
;;23555;PLANETA RICA;Planeta Rica
;;23570;PUEBLO NUEVO;Pueblo Nuevo
;;23580;PUERTO LIBERTADOR;Puerto Libertador
;SINU MEDIO;23162;CERETÉ;Cereté
;;23189;CIÉNAGA DE ORO;Ciénaga De Oro
;;23678;SAN CARLOS;San Carlos
;;23686;SAN PELAYO;San Pelayo
CUNDINAMARCA;ALMEIDAS;25183;CHOCONTÁ;Chocontá
;;25426;MACHETA;Macheta
;;25436;MANTA;Manta
;;25736;SESQUILÉ;Sesquilé
;;25772;SUESCA;Suesca
;;25807;TIBIRITA;Tibirita
;;25873;VILLAPINZÓN;Villapinzón
;ALTO MAGDALENA;25001;AGUA DE DIOS;Agua De Dios
;;25307;GIRARDOT;Girardot
;;25324;GUATAQUÍ;Guataquí
;;25368;JERUSALÉN;Jerusalén
;;25483;NARIÑO;Nariño
;;25488;NILO;Nilo
;;25612;RICAURTE;Ricaurte
;;25815;TOCAIMA;Tocaima
;BAJO MAGDALENA;25148;CAPARRAPÍ;Caparrapí
;;25320;GUADUAS;Guaduas
;;25572;PUERTO SALGAR;Puerto Salgar
;GUALIVA;25019;ALBÁN;Albán
;;25398;LA PEÑA;La Peña
;;25402;LA VEGA;La Vega
;;25489;NIMAIMA;Nimaima
;;25491;NOCAIMA;Nocaima
;;25592;QUEBRADANEGRA;Quebradanegra
;;25658;SAN FRANCISCO;San Francisco
;;25718;SASAIMA;Sasaima
;;25777;SUPATÁ;Supatá
;;25851;ÚTICA;Útica
;;25862;VERGARA;Vergara
;;25875;VILLETA;Villeta
;GUAVIO;25293;GACHALA;Gachala
;;25297;GACHETA;Gacheta
;;25299;GAMA;Gama
;;25322;GUASCA;Guasca
;;25326;GUATAVITA;Guatavita
;;25372;JUNÍN;Junín
;;25377;LA CALERA;La Calera
;;25839;UBALÁ;Ubalá
;MAGDALENA CENTRO;25086;BELTRÁN;Beltrán
;;25095;BITUIMA;Bituima
;;25168;CHAGUANÍ;Chaguaní
;;25328;GUAYABAL DE SIQUIMA;Guayabal De Siquima
;;25580;PULI;Puli
;;25662;SAN JUAN DE RÍO SECO;San Juan De Río Seco
;;25867;VIANÍ;Vianí
;MEDINA;25438;MEDINA;Medina
;;25530;PARATEBUENO;Paratebueno
;ORIENTE;25151;CAQUEZA;Caqueza
;;25178;CHIPAQUE;Chipaque
;;25181;CHOACHÍ;Choachí
;;25279;FOMEQUE;Fomeque
;;25281;FOSCA;Fosca
;;25335;GUAYABETAL;Guayabetal
;;25339;GUTIÉRREZ;Gutiérrez
;;25594;QUETAME;Quetame
;;25841;UBAQUE;Ubaque
;;25845;UNE;Une
;RIO NEGRO;25258;EL PEÑÓN;El Peñón
;;25394;LA PALMA;La Palma
;;25513;PACHO;Pacho
;;25518;PAIME;Paime
;;25653;SAN CAYETANO;San Cayetano
;;25823;TOPAIPI;Topaipi
;;25871;VILLAGOMEZ;Villagomez
;;25885;YACOPÍ;Yacopí
;SABANA CENTRO;25126;CAJICÁ;Cajicá
;;25175;CHÍA;Chía
;;25200;COGUA;Cogua
;;25295;GACHANCIPÁ;Gachancipá
;;25486;NEMOCoN;Nemocon
;;25758;SOPÓ;Sopó
;;25785;TABIO;Tabio
;;25817;TOCANCIPÁ;Tocancipá
;;25899;ZIPAQUIRÁ;Zipaquirá
;SABANA OCCIDENTE;25099;BOJACÁ;Bojacá
;;25214;COTA;Cota
;;25260;EL ROSAL;El Rosal
;;25269;FACATATIVÁ;Facatativá
;;25286;FUNZA;Funza
;;25430;MADRID;Madrid
;;25473;MOSQUERA;Mosquera
;;25769;SUBACHOQUE;Subachoque
;;25799;TENJO;Tenjo
;;25898;ZIPACoN;Zipacon
;SOACHA;25740;SIBATÉ;Sibaté
;;25754;SOACHA;Soacha
;SUMAPAZ;25053;ARBELÁEZ;Arbeláez
;;25120;CABRERA;Cabrera
;;25290;FUSAGASUGÁ;Fusagasugá
;;25312;GRANADA;Granada
;;25524;PANDI;Pandi
;;25535;PASCA;Pasca
;;25649;SAN BERNARDO;San Bernardo
;;25743;SILVANIA;Silvania
;;25805;TIBACUY;Tibacuy
;;25506;VENECIA;Venecia
;TEQUENDAMA;25035;ANAPOIMA;Anapoima
;;25040;ANOLAIMA;Anolaima
;;25599;APULO;Apulo
;;25123;CACHIPAY;Cachipay
;;25245;EL COLEGIO;El Colegio
;;25386;LA MESA;La Mesa
;;25596;QUIPILE;Quipile
;;25645;SAN ANTONIO DE TEQUENDAMA;San Antonio De Tequendama
;;25797;TENA;Tena
;;25878;VIOTÁ;Viotá
;UBATE;25154;CARMEN DE CARUPA;Carmen De Carupa
;;25224;CUCUNUBÁ;Cucunubá
;;25288;FÚQUENE;Fúquene
;;25317;GUACHETÁ;Guachetá
;;25407;LENGUAZAQUE;Lenguazaque
;;25745;SIMIJACA;Simijaca
;;25779;SUSA;Susa
;;25781;SUTATAUSA;Sutatausa
;;25793;TAUSA;Tausa
;;25843;UBATE;Ubate
GUAINIA;GUAINIA;94343;BARRANCO MINA;Barranco Mina
;;94886;CACAHUAL;Cacahual
;;94001;INÍRIDA;Inírida
;;94885;LA GUADALUPE;La Guadalupe
;;94663;MAPIRIPaN;Mapiripan
;;94888;MORICHAL;Morichal
;;94887;PANA PANA;Pana Pana
;;94884;PUERTO COLOMBIA;Puerto Colombia
;;94883;SAN FELIPE;San Felipe
GUAVIARE;GUAVIARE;95015;CALAMAR;Calamar
GUAVIARE;;95025;EL RETORNO;El Retorno
GUAVIARE;;95200;MIRAFLORES;Miraflores
GUAVIARE;;95001;SAN JOSÉ DEL GUAVIARE;San José Del Guaviare
HUILA;CENTRO;41013;AGRADO;Agrado
;;41026;ALTAMIRA;Altamira
;;41298;GARZÓN;Garzón
;;41306;GIGANTE;Gigante
;;41319;GUADALUPE;Guadalupe
;;41548;PITAL;Pital
;;41770;SUAZA;Suaza
;;41791;TARQUI;Tarqui
;NORTE;41016;AIPE;Aipe
;;41020;ALGECIRAS;Algeciras
;;41078;BARAYA;Baraya
;;41132;CAMPOALEGRE;Campoalegre
;;41206;COLOMBIA;Colombia
;;41349;HOBO;Hobo
;;41357;IQUIRA;Iquira
;;41001;NEIVA;Neiva
;;41524;PALERMO;Palermo
;;41615;RIVERA;Rivera
;;41676;SANTA MARÍA;Santa María
;;41799;TELLO;Tello
;;41801;TERUEL;Teruel
;;41872;VILLAVIEJA;Villavieja
;;41885;YAGUARÁ;Yaguará
;OCCIDENTE;41378;LA ARGENTINA;La Argentina
;;41396;LA PLATA;La Plata
;;41483;NÁTAGA;Nátaga
;;41518;PAICOL;Paicol
;;41797;TESALIA;Tesalia
;SUR;41006;ACEVEDO;Acevedo
;;41244;ELÍAS;Elías
;;41359;ISNOS;Isnos
;;41503;OPORAPA;Oporapa
;;41530;PALESTINA;Palestina
;;41551;PITALITO;Pitalito
;;41660;SALADOBLANCO;Saladoblanco
;;41668;SAN AGUSTÍN;San Agustín
;;41807;TIMANÁ;Timaná
LA GUAJIRA;NORTE;44035;ALBANIA;Albania
;;44090;DIBULLA;Dibulla
;;44430;MAICAO;Maicao
;;44560;MANAURE;Manaure
;;44001;RIOHACHA;Riohacha
;;44847;URIBIA;Uribia
;SUR;44078;BARRANCAS;Barrancas
;;44098;DISTRACCION;Distraccion
;;44110;EL MOLINO;El Molino
;;44279;FONSECA;Fonseca
;;44378;HATONUEVO;Hatonuevo
;;44420;LA JAGUA DEL PILAR;La Jagua Del Pilar
;;44650;SAN JUAN DEL CESAR;San Juan Del Cesar
;;44855;URUMITA;Urumita
;;44874;VILLANUEVA;Villanueva
MAGDALENA;CENTRO;47058;ARIGUANÍ;Ariguaní
;;47170;CHIBOLO;Chibolo
;;47460;NUEVA GRANADA;Nueva Granada
;;47555;PLATO;Plato
;;47660;SABANAS DE SAN ANGEL;Sabanas De San Angel
;;47798;TENERIFE;Tenerife
;NORTE;47030;ALGARROBO;Algarrobo
;;47053;ARACATACA;Aracataca
;;47189;CIÉNAGA;Ciénaga
;;47268;EL RETEN;El Reten
;;47288;FUNDACION;Fundacion
;;47570;PUEBLO VIEJO;Pueblo Viejo
;;47980;ZONA BANANERA;Zona Bananera
;RIO;47161;CERRO SAN ANTONIO;Cerro San Antonio
;;47205;CONCORDIA;Concordia
;;47258;EL PIÑON;El Piñon
;;47541;PEDRAZA;Pedraza
;;47551;PIVIJAY;Pivijay
;;47605;REMOLINO;Remolino
;;47675;SALAMINA;Salamina
;;47745;SITIONUEVO;Sitionuevo
;;47960;ZAPAYAN;Zapayan
;SANTA MARTA;47001;SANTA MARTA;Santa Marta
;SUR;47245;EL BANCO;El Banco
;;47318;GUAMAL;Guamal
;;47545;PIJIÑO DEL CARMEN;Pijiño Del Carmen
;;47692;SAN SEBASTIAN DE BUENAVISTA;San Sebastian De Buenavista
;;47703;SAN ZENON;San Zenon
;;47707;SANTA ANA;Santa Ana
;;47720;SANTA BARBARA DE PINTO;Santa Barbara De Pinto
META;ARIARI;50251;EL CASTILLO;El Castillo
;;50270;EL DORADO;El Dorado
;;50287;FUENTE DE ORO;Fuente De Oro
;;50313;GRANADA;Granada
;;50350;LA MACARENA;La Macarena
;;50370;LA URIBE;La Uribe
;;50400;LEJANÍAS;Lejanías
;;50325;MAPIRIPaN;Mapiripan
;;50330;MESETAS;Mesetas
;;50450;PUERTO CONCORDIA;Puerto Concordia
;;50577;PUERTO LLERAS;Puerto Lleras
;;50590;PUERTO RICO;Puerto Rico
;;50683;SAN JUAN DE ARAMA;San Juan De Arama
;;50711;VISTA HERMOSA;Vista Hermosa
;CAPITAL;50001;VILLAVICENCIO;Villavicencio
;PIEDEMONTE;50006;ACACiAS;Acacias
;;50110;BARRANCA DE UPIA;Barranca De Upia
;;50150;CASTILLA LA NUEVA;Castilla La Nueva
;;50226;CUMARAL;Cumaral
;;50245;EL CALVARIO;El Calvario
;;50318;GUAMAL;Guamal
;;50606;RESTREPO;Restrepo
;;50680;SAN CARLOS GUAROA;San Carlos Guaroa
;;50686;SAN JUANITO;San Juanito
;;50223;SAN LUIS DE CUBARRAL;San Luis De Cubarral
;;50689;SAN MARTÍN;San Martín
;RIO META;50124;CABUYARO;Cabuyaro
;;50568;PUERTO GAITÁN;Puerto Gaitán
;;50573;PUERTO LoPEZ;Puerto Lopez
NARIÑO;CENTRO;52240;CHACHAGUI;Chachagui
;;52207;CONSACA;Consaca
;;52254;EL PEÑOL;El Peñol
;;52260;EL TAMBO;El Tambo
;;52381;LA FLORIDA;La Florida
;;52480;NARIÑO;Nariño
;;52001;PASTO;Pasto
;;52683;SANDONÁ;Sandoná
;;52788;TANGUA;Tangua
;;52885;YACUANQUER;Yacuanquer
;CENTRO OCCIDENTE;52036;ANCUYA;Ancuya
;;52320;GUAITARILLA;Guaitarilla
;;52385;LA LLANADA;La Llanada
;;52411;LINARES;Linares
;;52418;LOS ANDES;Los Andes
;;52435;MALLAMA;Mallama
;;52506;OSPINA;Ospina
;;52565;PROVIDENCIA;Providencia
;;52612;RICAURTE;Ricaurte
;;52678;SAMANIEGO;Samaniego
;;52699;SANTA CRUZ;Santa Cruz
;;52720;SAPUYES;Sapuyes
;;52838;TUQUERRES;Tuquerres
;COSTA;52079;BARBACOAS;Barbacoas
;;52250;EL CHARCO;El Charco
;;52520;FRANCISCO PIZARRO;Francisco Pizarro
;;52390;LA TOLA;La Tola
;;52427;Magui;Magui
;;52473;MOSQUERA;Mosquera
;;52490;OLAYA HERRERA;Olaya Herrera
;;52621;ROBERTO PAYAN;Roberto Payan
;;52696;SANTA BaRBARA;Santa Barbara
;;52835;TUMACO;Tumaco
;NORTE;52019;ALBAN;Alban
;;52051;ARBOLEDA;Arboleda
;;52083;BELEN;Belen
;;52110;BUESACO;Buesaco
;;52203;COLON;Colon
;;52233;CUMBITARA;Cumbitara
;;52256;EL ROSARIO;El Rosario
;;52258;El Tablon de Gomez;El Tablon De Gomez
;;52378;LA CRUZ;La Cruz
;;52399;LA UNION;La Union
;;52405;LEIVA;Leiva
;;52540;POLICARPA;Policarpa
;;52685;SAN BERNARDO;San Bernardo
;;52687;SAN LORENZO;San Lorenzo
;;52693;SAN PABLO;San Pablo
;;52694;SAN PEDRO DE CARTAGO;San Pedro De Cartago
;;52786;TAMINANGO;Taminango
;SUR;52022;ALDANA;Aldana
;;52210;CONTADERO;Contadero
;;52215;CÓRDOBA;Córdoba
;;52224;CUASPUD;Cuaspud
;;52227;CUMBAL;Cumbal
;;52287;FUNES;Funes
;;52317;GUACHUCAL;Guachucal
;;52323;GUALMATAN;Gualmatan
;;52352;ILES;Iles
;;52354;IMUES;Imues
;;52356;IPIALES;Ipiales
;;52560;POTOSÍ;Potosí
;;52573;PUERRES;Puerres
;;52585;PUPIALES;Pupiales
NORTE DE SANTANDER;CENTRO;54051;ARBOLEDAS;Arboledas
;;54223;CUCUTILLA;Cucutilla
;;54313;GRAMALOTE;Gramalote
;;54418;LOURDES;Lourdes
;;54660;SALAZAR;Salazar
;;54680;SANTIAGO;Santiago
;;54871;VILLA CARO;Villa Caro
;NORTE;54109;BUCARASICA;Bucarasica
;;54250;EL TARRA;El Tarra
;;54720;SARDINATA;Sardinata
;;54810;TIBÚ;Tibú
;OCCIDENTE;54003;ABREGO;Abrego
;;54128;CACHIRÁ;Cachirá
;;54206;CONVENCIÓN;Convención
;;54245;EL CARMEN;El Carmen
;;54344;HACARÍ;Hacarí
;;54385;LA ESPERANZA;La Esperanza
;;54398;LA PLAYA;La Playa
;;54498;OCAÑA;Ocaña
;;54670;SAN CALIXTO;San Calixto
;;54800;TEORAMA;Teorama
;ORIENTAL;54001;CÚCUTA;Cúcuta
;;54261;EL ZULIA;El Zulia
;;54405;LOS PATIOS;Los Patios
;;54553;PUERTO SANTANDER;Puerto Santander
;;54673;SAN CAYETANO;San Cayetano
;;54874;VILLA DEL ROSARIO;Villa Del Rosario
;SUR OCCIDENTE;54125;CÁCOTA;Cácota
;;54174;CHITAGÁ;Chitagá
;;54480;MUTISCUA;Mutiscua
;;54518;PAMPLONA;Pamplona
;;54520;PAMPLONITA;Pamplonita
;;54743;SILOS;Silos
;SUR ORIENTE;54099;BOCHALEMA;Bochalema
;;54172;CHINÁCOTA;Chinácota
;;54239;DURANIA;Durania
;;54347;HERRÁN;Herrán
;;54377;LABATECA;Labateca
;;54599;RAGONVALIA;Ragonvalia
;;54820;TOLEDO;Toledo
PUTUMAYO;PUTUMAYO;86219;COLÓN;Colón
;;86001;MOCOA;Mocoa
;;86320;ORITO;Orito
;;86568;PUERTO ASIS;Puerto Asis
;;86569;PUERTO CAICEDO;Puerto Caicedo
;;86571;PUERTO GUZMAN;Puerto Guzman
;;86573;PUERTO LEGUIZAMO;Puerto Leguizamo
;;86755;SAN FRANCISCO;San Francisco
;;86757;SAN MIGUEL;San Miguel
;;86760;SANTIAGO;Santiago
;;86749;SIBUNDOY;Sibundoy
;;86865;VALLE DEL GUAMUEZ;Valle Del Guamuez
;;86885;VILLA GARZON;Villa Garzon
QUINDIO;CAPITAL;63001;ARMENIA;Armenia
;;63111;BUENAVISTA;Buenavista
;;63130;CALARCA;Calarca
;CORDILLERANOS;63212;CoRDOBA;Cordoba
;;63302;GeNOVA;Genova
;;63548;PIJAO;Pijao
;FRIA;63272;FILANDIA;Filandia
;;63690;SALENTO;Salento
;NORTE;63190;CIRCASIA;Circasia
;VALLE;63401;LA TEBAIDA;La Tebaida
;;63470;Montengro;Montengro
;;63594;QUIMBAYA;Quimbaya
RISARALDA;UNO - VERTIENTE ORIENTAL;66170;DOSQUEBRADAS;Dosquebradas
;;66400;LA VIRGINIA;La Virginia
;;66440;MARSELLA;Marsella
;;66001;PEREIRA;Pereira
;;66682;SANTA ROSA DE CABAL;Santa Rosa De Cabal
;DOS - VERTIENTE OCCIDENTAL;66045;APÍA;Apía
;;66075;BALBOA;Balboa
;;66088;BELÉN DE UMBRÍA;Belén De Umbría
;;66318;GUÁTICA;Guática
;;66383;LA CELIA;La Celia
;;66594;QUINCHiA;Quinchia
;;66687;SANTUARIO;Santuario
;TRES - VERTIENTE DEL PACIFICO;66456;MISTRATÓ;Mistrató
;;66572;PUEBLO RICO;Pueblo Rico
SANTANDER;COMUNERA;68176;CHIMA;Chima
;;68209;CONFINES;Confines
;;68211;CONTRATACIÓN;Contratación
;;68245;EL GUACAMAYO;El Guacamayo
;;68296;GALÁN;Galán
;;68298;GAMBITA;Gambita
;;68320;GUADALUPE;Guadalupe
;;68322;GUAPOTÁ;Guapotá
;;68344;HATO;Hato
;;68500;OIBA;Oiba
;;68522;PALMAR;Palmar
;;68524;PALMAS DEL SOCORRO;Palmas Del Socorro
;;68720;SANTA HELENA DEL OPÓN;Santa Helena Del Opón
;;68745;SIMACOTA;Simacota
;;68755;SOCORRO;Socorro
;;68770;SUAITA;Suaita
;GARCIA ROVIRA;68147;CAPITANEJO;Capitanejo
;;68152;CARCASÍ;Carcasí
;;68160;CEPITÁ;Cepitá
;;68162;CERRITO;Cerrito
;;68207;CONCEPCIÓN;Concepción
;;68266;ENCISO;Enciso
;;68318;GUACA;Guaca
;;68425;MACARAVITA;Macaravita
;;68432;MÁLAGA;Málaga
;;68468;MOLAGAVITA;Molagavita
;;68669;SAN ANDRÉS;San Andrés
;;68684;SAN JOSÉ DE MIRANDA;San José De Miranda
;;68686;SAN MIGUEL;San Miguel
;GUANENTA;68051;ARATOCA;Aratoca
;;68079;BARICHARA;Barichara
;;68121;CABRERA;Cabrera
;;68167;CHARALÁ;Charalá
;;68217;COROMORO;Coromoro
;;68229;CURITÍ;Curití
;;68264;ENCINO;Encino
;;68370;JORDÁN;Jordán
;;68464;MOGOTES;Mogotes
;;68498;OCAMONTE;Ocamonte
;;68502;ONZAGA;Onzaga
;;68533;PÁRAMO;Páramo
;;68549;PINCHOTE;Pinchote
;;68679;SAN GIL;San Gil
;;68682;SAN JOAQUÍN;San Joaquín
;;68855;VALLE DE SAN JOSÉ;Valle De San José
;;68872;VILLANUEVA;Villanueva
;MARES;68081;BARRANCABERMEJA;Barrancabermeja
;;68092;BETULIA;Betulia
;;68235;EL CARMEN DE CHUCURÍ;El Carmen De Chucurí
;;68575;PUERTO WILCHES;Puerto Wilches
;;68655;SABANA DE TORRES;Sabana De Torres
;;68689;SAN VICENTE DE CHUCURÍ;San Vicente De Chucurí
;;68895;ZAPATOCA;Zapatoca
;SOTO;68001;BUCARAMANGA;Bucaramanga
;;68132;CALIFORNIA;California
;;68169;CHARTA;Charta
;;68255;EL PLAYÓN;El Playón
;;68276;FLORIDABLANCA;Floridablanca
;;68307;GIRÓN;Girón
;;68406;LEBRÍJA;Lebríja
;;68418;LOS SANTOS;Los Santos
;;68444;MATANZA;Matanza
;;68547;PIEDECUESTA;Piedecuesta
;;68615;RIONEGRO;Rionegro
;;68705;SANTA BÁRBARA;Santa Bárbara
;;68780;SURATA;Surata
;;68820;TONA;Tona
;;68867;VETAS;Vetas
;VELEZ;68013;AGUADA;Aguada
;;68020;ALBANIA;Albania
;;68077;BARBOSA;Barbosa
;;68101;BOLÍVAR;Bolívar
;;68179;CHIPATÁ;Chipatá
;;68190;CIMITARRA;Cimitarra
;;68250;EL PEÑÓN;El Peñón
;;68271;FLORIÁN;Florián
;;68324;GUAVATÁ;Guavatá
;;68327;GuEPSA;Guepsa
;;68368;JESÚS MARÍA;Jesús María
;;68377;LA BELLEZA;La Belleza
;;68397;LA PAZ;La Paz
;;68385;LANDÁZURI;Landázuri
;;68572;PUENTE NACIONAL;Puente Nacional
;;68573;PUERTO PARRA;Puerto Parra
;;68673;SAN BENITO;San Benito
;;68773;SUCRE;Sucre
;;68861;VÉLEZ;Vélez
SUCRE;MOJANA;70265;GUARANDA;Guaranda
;;70429;MAJAGUAL;Majagual
;;70771;SUCRE;Sucre
;MONTES DE MARIA;70230;CHALÁN;Chalán
;;70204;COLOSO;Coloso
;;70473;MORROA;Morroa
;;70508;OVEJAS;Ovejas
;;70001;SINCELEJO;Sincelejo
;MORROSQUILLO;70221;COVEÑAS;Coveñas
;;70523;PALMITO;Palmito
;;70713;SAN ONOFRE;San Onofre
;;70820;SANTIAGO DE TOLÚ;Santiago De Tolú
;;70823;TOLÚ VIEJO;Tolú Viejo
;SABANAS;70110;BUENAVISTA;Buenavista
;;70215;COROZAL;Corozal
;;70233;EL ROBLE;El Roble
;;70235;GALERAS;Galeras
;;70418;LOS PALMITOS;Los Palmitos
;;70670;SAMPUÉS;Sampués
;;70702;SAN JUAN BETULIA;San Juan Betulia
;;70717;SAN PEDRO;San Pedro
;;70742;SINCÉ;Sincé
;SAN JORGE;70124;CAIMITO;Caimito
;;70400;LA UNIÓN;La Unión
;;70678;SAN BENITO ABAD;San Benito Abad
;;70708;SAN MARCOS;San Marcos
TOLIMA;NORTE;73030;AMBALEMA;Ambalema
;;73055;ARMERO;Armero
;;73270;FALAN;Falan
;;73283;FRESNO;Fresno
;;73349;HONDA;Honda
;;73443;MARIQUITA;Mariquita
;;73520;PALOCABILDO;Palocabildo
;ORIENTE;73148;CARMEN DE APICALÁ;Carmen De Apicalá
;;73226;CUNDAY;Cunday
;;73352;ICONONZO;Icononzo
;;73449;MELGAR;Melgar
;;73873;VILLARRICA;Villarrica
;SUR;73067;ATACO;Ataco
;;73168;CHAPARRAL;Chaparral
;;73217;COYAIMA;Coyaima
;;73483;NATAGAIMA;Natagaima
;;73504;ORTEGA;Ortega
;;73555;PLANADAS;Planadas
;;73616;RIOBLANCO;Rioblanco
;;73622;RONCESVALLES;Roncesvalles
;;73675;SAN ANTONIO;San Antonio
;IBAGUE;73026;ALVARADO;Alvarado
;;73043;ANZOÁTEGUI;Anzoátegui
;;73124;CAJAMARCA;Cajamarca
;;73200;COELLO;Coello
;;73268;ESPINAL;Espinal
;;73275;FLANDES;Flandes
;;73001;IBAGUe;Ibague
;;73547;PIEDRAS;Piedras
;;73624;ROVIRA;Rovira
;;73678;SAN LUIS;San Luis
;;73854;VALLE DE SAN JUAN;Valle De San Juan
;SURORIENTE;73024;ALPUJARRA;Alpujarra
;;73236;DOLORES;Dolores
;;73319;GUAMO;Guamo
;;73563;PRADO;Prado
;;73585;PURIFICACIÓN;Purificación
;;73671;SALDAÑA;Saldaña
;;73770;SUÁREZ;Suárez
;NEVADOS;73152;CASABIANCA;Casabianca
;;73347;HERVEO;Herveo
;;73408;LeRIDA;Lerida
;;73411;LiBANO;Libano
;;73461;MURILLO;Murillo
;;73686;SANTA ISABEL;Santa Isabel
;;73861;VENADILLO;Venadillo
;;73870;VILLAHERMOSA;Villahermosa
VALLE DEL CAUCA;CENTRO;76036;ANDALUCÍA;Andalucía
;;76111;BUGA;Buga
;;76113;BUGALAGRANDE;Bugalagrande
;;76126;CALIMA;Calima
;;76248;EL CERRITO;El Cerrito
;;76306;GINEBRA;Ginebra
;;76318;GUACARÍ;Guacarí
;;76606;RESTREPO;Restrepo
;;76616;RIOFRIO;Riofrio
;;76670;SAN PEDRO;San Pedro
;;76828;TRUJILLO;Trujillo
;;76834;TULUÁ;Tuluá
;;76890;YOTOCO;Yotoco
;NORTE;76020;ALCALa;Alcala
;;76041;ANSERMANUEVO;Ansermanuevo
;;76054;ARGELIA;Argelia
;;76100;BOLÍVAR;Bolívar
;;76147;CARTAGO;Cartago
;;76243;EL ÁGUILA;El Águila
;;76246;EL CAIRO;El Cairo
;;76250;EL DOVIO;El Dovio
;;76400;LA UNIÓN;La Unión
;;76403;LA VICTORIA;La Victoria
;;76497;OBANDO;Obando
;;76622;ROLDANILLO;Roldanillo
;;76823;TORO;Toro
;;76845;ULLOA;Ulloa
;;76863;VERSALLES;Versalles
;;76895;ZARZAL;Zarzal
;OCCIDENTE;76109;BUENAVENTURA;Buenaventura
;ORIENTE;76122;CAICEDONIA;Caicedonia
;;76736;SEVILLA;Sevilla
;SUR;76001;CALI;Cali
;;76130;CANDELARIA;Candelaria
;;76233;DAGUA;Dagua
;;76275;FLORIDA;Florida
;;76364;JAMUNDÍ;Jamundí
;;76377;LA CUMBRE;La Cumbre
;;76520;PALMIRA;Palmira
;;76563;PRADERA;Pradera
;;76869;VIJES;Vijes
;;76892;YUMBO;Yumbo
VAUPES;VAUPES;97161;CARURU;Caruru
;;97001;MITÚ;Mitú
;;97511;PACOA;Pacoa
;;97777;PAPUNAHUA;Papunahua
;;97666;TARAIRA;Taraira
;;97889;YAVARATÉ;Yavaraté
VICHADA;VICHADA;99773;CUMARIBO;Cumaribo
;;99524;LA PRIMAVERA;La Primavera
;;99001;PUERTO CARREÑO;Puerto Carreño
;;99624;SANTA ROSALÍA;Santa Rosalía
